1,NIKE,Balls,TRAINING,,ACADEMY_PL_FA23,Academy Ball,FB2985,Blk,Black,1,,141123,0,0,0,0,0,20.47,0,45,0,45,0,0,,NIKE,0,0,,,,,,,Balls,FALSE,1,TRUE,0,,TRUE,TRUE,FALSE,1,,,,,0,0,
1,NIKE,Balls,TRAINING,,ACADEMY_PL_FA23,Academy Ball,FB2985,Blk,Black,2,,141124,0,0,0,0,0,20.47,0,45,0,45,0,0,,NIKE,0,0,,,,,,,Balls,FALSE,1,TRUE,0,,TRUE,TRUE,FALSE,1,,,,,0,0,
1,NIKE,Balls,TRAINING,,ACADEMY_PL_FA23,Academy Ball,FB2985,Blk,Black,3,,141125,0,0,0,0,0,20.47,0,45,0,45,0,0,,NIKE,0,0,,,,,,,Balls,FALSE,1,TRUE,0,,TRUE,TRUE,FALSE,1,,,,,0,0,
1,NIKE,Balls,TRAINING,,ACADEMY_PL_FA23,Academy Ball,FB2985,Blk,Black,4,,141126,5,0,0,0,5,20.47,102.35,45,225,45,225,0,,NIKE,0,0,,,,,,,Balls,FALSE,1,TRUE,0,,TRUE,TRUE,FALSE,1,,,,,1,6,3/27/24 1:29:52 PM
1,NIKE,Balls,TRAINING,,ACADEMY_PL_FA23,Academy Ball,FB2985,Blk,Black,5,,141127,4,0,0,0,4,20.47,81.88,45,180,45,180,0,,NIKE,0,0,,,,,,,Balls,FALSE,1,TRUE,0,,TRUE,TRUE,FALSE,1,,,,,2,6,3/27/24 1:29:53 PM
1,NIKE,Balls,TRAINING,,PITCH_PL_23_BALL,Nike Pitch ball,FB2987,Blk,Black,1,,141128,0,0,0,0,0,14.79,0,35,0,35,0,0,,NIKE,0,0,,,,,,,Balls,FALSE,1,TRUE,0,,TRUE,TRUE,FALSE,1,,,,,0,0,
1,NIKE,Balls,TRAINING,,PITCH_PL_23_BALL,Nike Pitch ball,FB2987,Blk,Black,2,,141129,0,0,0,0,0,14.79,0,35,0,35,0,0,,NIKE,0,0,,,,,,,Balls,FALSE,1,TRUE,0,,TRUE,TRUE,FALSE,1,,,,,0,0,
1,NIKE,Balls,TRAINING,,PITCH_PL_23_BALL,Nike Pitch ball,FB2987,Blk,Black,3,,141130,1,0,0,0,1,14.79,14.79,35,35,35,35,0,,NIKE,0,0,,,,,,,Balls,FALSE,1,TRUE,0,,TRUE,TRUE,FALSE,1,,,,,1,2,3/27/24 1:52:19 PM
1,NIKE,Balls,TRAINING,,PITCH_PL_23_BALL,Nike Pitch ball,FB2987,Blk,Black,4,,141131,4,0,0,0,4,14.79,59.16,35,140,35,140,0,,NIKE,0,0,,,,,,,Balls,FALSE,1,TRUE,0,,TRUE,TRUE,FALSE,1,,,,,0,4,3/27/24 1:52:20 PM
1,NIKE,Balls,TRAINING,,PITCH_PL_23_BALL,Nike Pitch ball,FB2987,Blk,Black,5,,141132,3,0,0,0,3,14.79,44.37,35,105,35,105,0,,NIKE,0,0,,,,,,,Balls,FALSE,1,TRUE,0,,TRUE,TRUE,FALSE,1,,,,,1,4,3/27/24 1:52:20 PM
1,ADIDAS,Balls,Match Ball,,MLS_LGE_NFHS_BALL_24,MLS NFHS League Ball,IP1622,BLK,Black,1,,141282,0,0,0,0,0,20.63,0,55,0,55,0,0,,ADIDAS,0,0,,,,,,,Balls,FALSE,1,TRUE,0,,TRUE,TRUE,FALSE,1,,,,,0,0,
1,ADIDAS,Balls,Match Ball,,MLS_LGE_NFHS_BALL_24,MLS NFHS League Ball,IP1622,BLK,Black,2,,141283,0,0,0,0,0,20.63,0,55,0,55,0,0,,ADIDAS,0,0,,,,,,,Balls,FALSE,1,TRUE,0,,TRUE,TRUE,FALSE,1,,,,,0,0,
1,ADIDAS,Balls,Match Ball,,MLS_LGE_NFHS_BALL_24,MLS NFHS League Ball,IP1622,BLK,Black,3,,141284,0,0,0,0,0,20.63,0,55,0,55,0,0,,ADIDAS,0,0,,,,,,,Balls,FALSE,1,TRUE,0,,TRUE,TRUE,FALSE,1,,,,,0,0,
1,ADIDAS,Balls,Match Ball,,MLS_LGE_NFHS_BALL_24,MLS NFHS League Ball,IP1622,BLK,Black,4,,141285,0,0,0,0,0,20.63,0,55,0,55,0,0,,ADIDAS,0,0,,,,,,,Balls,FALSE,1,TRUE,0,,TRUE,TRUE,FALSE,1,,,,,0,0,
1,ADIDAS,Balls,Match Ball,,MLS_LGE_NFHS_BALL_24,MLS NFHS League Ball,IP1622,BLK,Black,5,,141286,-27,0,0,0,-27,20.63,-557.01,55,-1485,55,-1485,0,,ADIDAS,0,0,,,,,,,Balls,FALSE,1,TRUE,0,,TRUE,TRUE,FALSE,1,,,,,29,2,04/04/24 12:42:06
1,NIKE,Balls,TRAINING,,ACADEMY_FA23,Academy Ball,FB2894,Pnk,Pink,1,,141390,0,0,0,0,0,18.2,0,40,0,40,0,0,,NIKE,0,0,,,,,,,Balls,FALSE,1,TRUE,0,,TRUE,TRUE,FALSE,1,,,,,0,0,
1,NIKE,Balls,TRAINING,,ACADEMY_FA23,Academy Ball,FB2894,Pnk,Pink,2,,141391,0,0,0,0,0,18.2,0,40,0,40,0,0,,NIKE,0,0,,,,,,,Balls,FALSE,1,TRUE,0,,TRUE,TRUE,FALSE,1,,,,,0,0,
1,NIKE,Balls,TRAINING,,ACADEMY_FA23,Academy Ball,FB2894,Pnk,Pink,3,,141392,0,0,0,0,0,18.2,0,40,0,40,0,0,,NIKE,0,0,,,,,,,Balls,FALSE,1,TRUE,0,,TRUE,TRUE,FALSE,1,,,,,0,0,
1,NIKE,Balls,TRAINING,,ACADEMY_FA23,Academy Ball,FB2894,Pnk,Pink,4,,141393,5,0,0,0,5,18.2,91,40,200,40,200,0,,NIKE,0,0,,,,,,,Balls,FALSE,1,TRUE,0,,TRUE,TRUE,FALSE,1,,,,,1,6,04/09/24 14:49:58
1,NIKE,Balls,TRAINING,,ACADEMY_FA23,Academy Ball,FB2894,Pnk,Pink,5,,141394,3,0,0,0,3,18.2,54.6,40,120,40,120,0,,NIKE,0,0,,,,,,,Balls,FALSE,1,TRUE,0,,TRUE,TRUE,FALSE,1,,,,,3,6,04/09/24 14:49:59
1,NIKE,Balls,Match Ball,,CLUB_ELITE_PL_24,Club Elite ball,FQ4967,WHT,White,1,,141728,0,0,0,0,0,37.6,0,80,0,80,0,0,,NIKE,0,0,,,,,,,Balls,FALSE,1,TRUE,0,,TRUE,TRUE,FALSE,1,,,,,0,0,
1,NIKE,Balls,Match Ball,,CLUB_ELITE_PL_24,Club Elite ball,FQ4967,WHT,White,2,,141729,0,0,0,0,0,37.6,0,80,0,80,0,0,,NIKE,0,0,,,,,,,Balls,FALSE,1,TRUE,0,,TRUE,TRUE,FALSE,1,,,,,0,0,
1,NIKE,Balls,Match Ball,,CLUB_ELITE_PL_24,Club Elite ball,FQ4967,WHT,White,3,,141730,0,0,0,0,0,37.6,0,80,0,80,0,0,,NIKE,0,0,,,,,,,Balls,FALSE,1,TRUE,0,,TRUE,TRUE,FALSE,1,,,,,0,0,
1,NIKE,Balls,Match Ball,,CLUB_ELITE_PL_24,Club Elite ball,FQ4967,WHT,White,4,,141731,0,0,0,0,0,37.6,0,80,0,80,0,0,,NIKE,0,0,,,,,,,Balls,FALSE,1,TRUE,0,,TRUE,TRUE,FALSE,1,,,,,0,0,
1,NIKE,Balls,Match Ball,,CLUB_ELITE_PL_24,Club Elite ball,FQ4967,WHT,White,5,,141732,5,0,0,0,5,37.6,188,80,400,80,400,0,,NIKE,0,0,,,,,,,Balls,FALSE,1,TRUE,0,,TRUE,TRUE,FALSE,1,,,,,1,6,4/19/24 2:54:29 PM
1,UMBRO,Balls,TRAINING,,NEO_SWERVE,NEO SWERVE,HUSAS21261U,YEL,Yellow,1,,142302,-30,0,0,0,-30,13.5,-405,30,-900,30,-900,0,,UMBRO,0,0,,,,,,,Balls,FALSE,1,TRUE,0,,TRUE,TRUE,FALSE,1,,,,,30,0,
1,UMBRO,Balls,TRAINING,,NEO_SWERVE,NEO SWERVE,HUSAS21261U,YEL,Yellow,2,,142303,0,0,0,0,0,13.5,0,30,0,30,0,0,,UMBRO,0,0,,,,,,,Balls,FALSE,1,TRUE,0,,TRUE,TRUE,FALSE,1,,,,,0,0,
1,UMBRO,Balls,TRAINING,,NEO_SWERVE,NEO SWERVE,HUSAS21261U,YEL,Yellow,3,,142304,0,0,0,0,0,13.5,0,30,0,30,0,0,,UMBRO,0,0,,,,,,,Balls,FALSE,1,TRUE,0,,TRUE,TRUE,FALSE,1,,,,,0,0,
1,UMBRO,Balls,TRAINING,,NEO_SWERVE,NEO SWERVE,HUSAS21261U,YEL,Yellow,4,,142305,30,0,0,0,30,13.5,405,30,900,30,900,0,,UMBRO,0,0,,,,,,,Balls,FALSE,1,TRUE,0,,TRUE,TRUE,FALSE,1,,,,,0,30,6/29/24 10:06:58 AM
1,UMBRO,Balls,TRAINING,,NEO_SWERVE,NEO SWERVE,HUSAS21261U,YEL,Yellow,5,,142306,0,0,0,0,0,13.5,0,30,0,30,0,0,,UMBRO,0,0,,,,,,,Balls,FALSE,1,TRUE,0,,TRUE,TRUE,FALSE,1,,,,,0,0,
1,ADIDAS,Balls,TRAINING,,MLS_CLUB_BALL_2024,MLS Club Ball,IP1628,Blu,Blue,1,,142846,0,0,0,0,0,14,0,53,0,35,0,0,,ADIDAS,0,0,,,,,,,Balls,FALSE,1,TRUE,0,,TRUE,TRUE,FALSE,1,,,,,0,0,
1,ADIDAS,Balls,TRAINING,,MLS_CLUB_BALL_2024,MLS Club Ball,IP1628,Blu,Blue,2,,142847,0,0,0,0,0,14,0,53,0,35,0,0,,ADIDAS,0,0,,,,,,,Balls,FALSE,1,TRUE,0,,TRUE,TRUE,FALSE,1,,,,,0,0,
1,ADIDAS,Balls,TRAINING,,MLS_CLUB_BALL_2024,MLS Club Ball,IP1628,Blu,Blue,3,,142848,0,0,0,0,0,14,0,53,0,35,0,0,,ADIDAS,0,0,,,,,,,Balls,FALSE,1,TRUE,0,,TRUE,TRUE,FALSE,1,,,,,0,0,
1,ADIDAS,Balls,TRAINING,,MLS_CLUB_BALL_2024,MLS Club Ball,IP1628,Blu,Blue,4,,142849,0,0,0,0,0,14,0,53,0,35,0,0,,ADIDAS,0,0,,,,,,,Balls,FALSE,1,TRUE,0,,TRUE,TRUE,FALSE,1,,,,,0,0,
1,ADIDAS,Balls,TRAINING,,MLS_CLUB_BALL_2024,MLS Club Ball,IP1628,Blu,Blue,5,,142850,10,0,0,0,10,14,140,53,530,35,350,0,,ADIDAS,0,0,,,,,,,Balls,FALSE,1,TRUE,0,,TRUE,TRUE,FALSE,1,,,,,0,10,9/10/24 12:50:55
1,NIKE,Balls,TRAINING,,PITCH_PL_24_BALL,Nike Pitch ball,FZ3048,WHT,White,1,,143584,0,0,0,0,0,15.98,0,35,0,35,0,0,,NIKE,0,0,,,,,,,Balls,FALSE,1,TRUE,0,,TRUE,TRUE,FALSE,1,,,,,0,0,
1,NIKE,Balls,TRAINING,,PITCH_PL_24_BALL,Nike Pitch ball,FZ3048,WHT,White,2,,143585,0,0,0,0,0,15.98,0,35,0,35,0,0,,NIKE,0,0,,,,,,,Balls,FALSE,1,TRUE,0,,TRUE,TRUE,FALSE,1,,,,,0,0,
1,NIKE,Balls,TRAINING,,PITCH_PL_24_BALL,Nike Pitch ball,FZ3048,WHT,White,3,,143586,1,0,0,0,1,15.98,15.98,35,35,35,35,0,,NIKE,0,0,,,,,,,Balls,FALSE,1,TRUE,0,,TRUE,TRUE,FALSE,1,,,,,0,1,10/08/24 12:00:19
1,NIKE,Balls,TRAINING,,PITCH_PL_24_BALL,Nike Pitch ball,FZ3048,WHT,White,4,,143587,2,0,0,0,2,15.98,31.96,35,70,35,70,0,,NIKE,0,0,,,,,,,Balls,FALSE,1,TRUE,0,,TRUE,TRUE,FALSE,1,,,,,0,2,10/08/24 12:00:19
1,NIKE,Balls,TRAINING,,PITCH_PL_24_BALL,Nike Pitch ball,FZ3048,WHT,White,5,,143588,0,0,0,0,0,15.98,0,35,0,35,0,0,,NIKE,0,0,,,,,,,Balls,FALSE,1,TRUE,0,,TRUE,TRUE,FALSE,1,,,,,2,2,10/08/24 12:00:19
1,NIKE,Balls,MINI BALLS,,SKILLS_PL_24,PL NK SKLS PL 24,FZ3046,YEL,Yellow,1,,143589,4,0,0,0,4,11.28,45.12,25,100,25,100,0,,NIKE,0,0,,,,,,,Balls,FALSE,1,TRUE,0,,TRUE,TRUE,FALSE,1,,,,,0,4,10/08/24 12:02:50
1,NIKE,Balls,MINI BALLS,,SKILLS_PL_24,PL NK SKLS PL 24,FZ3046,YEL,Yellow,2,,143590,0,0,0,0,0,11.28,0,25,0,25,0,0,,NIKE,0,0,,,,,,,Balls,FALSE,1,TRUE,0,,TRUE,TRUE,FALSE,1,,,,,0,0,
1,NIKE,Balls,MINI BALLS,,SKILLS_PL_24,PL NK SKLS PL 24,FZ3046,YEL,Yellow,3,,143591,0,0,0,0,0,11.28,0,25,0,25,0,0,,NIKE,0,0,,,,,,,Balls,FALSE,1,TRUE,0,,TRUE,TRUE,FALSE,1,,,,,0,0,
1,NIKE,Balls,MINI BALLS,,SKILLS_PL_24,PL NK SKLS PL 24,FZ3046,YEL,Yellow,4,,143592,0,0,0,0,0,11.28,0,25,0,25,0,0,,NIKE,0,0,,,,,,,Balls,FALSE,1,TRUE,0,,TRUE,TRUE,FALSE,1,,,,,0,0,
1,NIKE,Balls,MINI BALLS,,SKILLS_PL_24,PL NK SKLS PL 24,FZ3046,YEL,Yellow,5,,143593,0,0,0,0,0,11.28,0,25,0,25,0,0,,NIKE,0,0,,,,,,,Balls,FALSE,1,TRUE,0,,TRUE,TRUE,FALSE,1,,,,,0,0,
1,NIKE,Balls,Match Ball,,ACADEMY_PLUS_FA24,Academy Plus Ball,FZ2632,Yel,Yellow,1,,143594,0,0,0,0,0,28.2,0,60,0,60,0,0,,NIKE,0,0,,,,,,,Balls,FALSE,1,TRUE,0,,TRUE,TRUE,FALSE,1,,,,,0,0,
1,NIKE,Balls,Match Ball,,ACADEMY_PLUS_FA24,Academy Plus Ball,FZ2632,Yel,Yellow,2,,143595,0,0,0,0,0,28.2,0,60,0,60,0,0,,NIKE,0,0,,,,,,,Balls,FALSE,1,TRUE,0,,TRUE,TRUE,FALSE,1,,,,,0,0,
1,NIKE,Balls,Match Ball,,ACADEMY_PLUS_FA24,Academy Plus Ball,FZ2632,Yel,Yellow,3,,143596,0,0,0,0,0,28.2,0,60,0,60,0,0,,NIKE,0,0,,,,,,,Balls,FALSE,1,TRUE,0,,TRUE,TRUE,FALSE,1,,,,,0,0,
1,NIKE,Balls,Match Ball,,ACADEMY_PLUS_FA24,Academy Plus Ball,FZ2632,Yel,Yellow,4,,143597,0,0,0,0,0,28.2,0,60,0,60,0,0,,NIKE,0,0,,,,,,,Balls,FALSE,1,TRUE,0,,TRUE,TRUE,FALSE,1,,,,,0,0,
1,NIKE,Balls,Match Ball,,ACADEMY_PLUS_FA24,Academy Plus Ball,FZ2632,Yel,Yellow,5,,143598,3,0,0,0,3,28.2,84.6,60,180,60,180,0,,NIKE,0,0,,,,,,,Balls,FALSE,1,TRUE,0,,TRUE,TRUE,FALSE,1,,,,,3,6,10/08/24 12:05:56
1,NIKE,Balls,TRAINING,,ACADEMY_FA24,Academy Ball,FZ2976,ORG,Orange,1,,143767,0,0,0,0,0,21.15,0,45,0,45,0,0,,NIKE,0,0,,,,,,,Balls,FALSE,1,TRUE,0,,TRUE,TRUE,FALSE,1,,,,,0,0,
1,NIKE,Balls,TRAINING,,ACADEMY_FA24,Academy Ball,FZ2976,ORG,Orange,2,,143768,0,0,0,0,0,21.15,0,45,0,45,0,0,,NIKE,0,0,,,,,,,Balls,FALSE,1,TRUE,0,,TRUE,TRUE,FALSE,1,,,,,0,0,
1,NIKE,Balls,TRAINING,,ACADEMY_FA24,Academy Ball,FZ2976,ORG,Orange,3,,143769,0,0,0,0,0,21.15,0,45,0,45,0,0,,NIKE,0,0,,,,,,,Balls,FALSE,1,TRUE,0,,TRUE,TRUE,FALSE,1,,,,,0,0,
1,NIKE,Balls,TRAINING,,ACADEMY_FA24,Academy Ball,FZ2976,ORG,Orange,4,,143770,0,0,0,0,0,21.15,0,45,0,45,0,0,,NIKE,0,0,,,,,,,Balls,FALSE,1,TRUE,0,,TRUE,TRUE,FALSE,1,,,,,2,2,10/19/24 10:53:08 AM
1,NIKE,Balls,TRAINING,,ACADEMY_FA24,Academy Ball,FZ2976,ORG,Orange,5,,143771,1,0,0,0,1,21.15,21.15,45,45,45,45,0,,NIKE,0,0,,,,,,,Balls,FALSE,1,TRUE,0,,TRUE,TRUE,FALSE,1,,,,,2,3,10/19/24 10:53:08 AM
1,PUMA,Balls,OMB,,ORBITA_LA_LIGA_1,Orbita La Liga 1,84285,RED,Red,1,,143955,0,0,0,0,0,83.7,0,180,0,180,0,0,,PUMA,0,0,,,,,,,Balls,FALSE,1,TRUE,0,,TRUE,TRUE,FALSE,1,,,,,0,0,
1,PUMA,Balls,OMB,,ORBITA_LA_LIGA_1,Orbita La Liga 1,84285,RED,Red,2,,143956,0,0,0,0,0,83.7,0,180,0,180,0,0,,PUMA,0,0,,,,,,,Balls,FALSE,1,TRUE,0,,TRUE,TRUE,FALSE,1,,,,,0,0,
1,PUMA,Balls,OMB,,ORBITA_LA_LIGA_1,Orbita La Liga 1,84285,RED,Red,3,,143957,0,0,0,0,0,83.7,0,180,0,180,0,0,,PUMA,0,0,,,,,,,Balls,FALSE,1,TRUE,0,,TRUE,TRUE,FALSE,1,,,,,0,0,
1,PUMA,Balls,OMB,,ORBITA_LA_LIGA_1,Orbita La Liga 1,84285,RED,Red,4,,143958,0,0,0,0,0,83.7,0,180,0,180,0,0,,PUMA,0,0,,,,,,,Balls,FALSE,1,TRUE,0,,TRUE,TRUE,FALSE,1,,,,,0,0,
1,PUMA,Balls,OMB,,ORBITA_LA_LIGA_1,Orbita La Liga 1,84285,RED,Red,5,,143959,2,0,0,0,2,83.7,167.4,180,360,180,360,0,,PUMA,0,0,,,,,,,Balls,FALSE,1,TRUE,0,,TRUE,TRUE,FALSE,1,,,,,1,1,10/26/24 9:27:28 AM
1,PUMA,Balls,OMB,,ORBITA_SERIE_A_A,Orbita Serie A A,84297,BLU,Blue,1,,143960,0,0,0,0,0,84.6,0,180,0,180,0,0,,PUMA,0,0,,,,,,,Balls,FALSE,1,TRUE,0,,TRUE,TRUE,FALSE,1,,,,,0,0,
1,PUMA,Balls,OMB,,ORBITA_SERIE_A_A,Orbita Serie A A,84297,BLU,Blue,2,,143961,0,0,0,0,0,84.6,0,180,0,180,0,0,,PUMA,0,0,,,,,,,Balls,FALSE,1,TRUE,0,,TRUE,TRUE,FALSE,1,,,,,0,0,
1,PUMA,Balls,OMB,,ORBITA_SERIE_A_A,Orbita Serie A A,84297,BLU,Blue,3,,143962,0,0,0,0,0,84.6,0,180,0,180,0,0,,PUMA,0,0,,,,,,,Balls,FALSE,1,TRUE,0,,TRUE,TRUE,FALSE,1,,,,,0,0,
1,PUMA,Balls,OMB,,ORBITA_SERIE_A_A,Orbita Serie A A,84297,BLU,Blue,4,,143963,0,0,0,0,0,84.6,0,180,0,180,0,0,,PUMA,0,0,,,,,,,Balls,FALSE,1,TRUE,0,,TRUE,TRUE,FALSE,1,,,,,0,0,
1,PUMA,Balls,OMB,,ORBITA_SERIE_A_A,Orbita Serie A A,84297,BLU,Blue,5,,143964,1,0,0,0,1,84.6,84.6,180,180,180,180,0,,PUMA,0,0,,,,,,,Balls,FALSE,1,TRUE,0,,TRUE,TRUE,FALSE,1,,,,,0,1,10/26/24 9:27:03 AM
1,PUMA,Balls,TRAINING,,PUMA_ORBITA_6_MS,PUMA ORBITA 6 MS,84335,BLU,Blue,1,,143965,-30,0,0,0,-30,14.1,-423,30,-900,30,-900,0,,PUMA,0,0,,,,,,,Balls,FALSE,1,TRUE,0,,TRUE,TRUE,FALSE,1,,,,,30,0,
1,PUMA,Balls,TRAINING,,PUMA_ORBITA_6_MS,PUMA ORBITA 6 MS,84335,BLU,Blue,2,,143966,0,0,0,0,0,14.1,0,30,0,30,0,0,,PUMA,0,0,,,,,,,Balls,FALSE,1,TRUE,0,,TRUE,TRUE,FALSE,1,,,,,0,0,
1,PUMA,Balls,TRAINING,,PUMA_ORBITA_6_MS,PUMA ORBITA 6 MS,84335,BLU,Blue,3,,143967,0,0,0,0,0,14.1,0,30,0,30,0,0,,PUMA,0,0,,,,,,,Balls,FALSE,1,TRUE,0,,TRUE,TRUE,FALSE,1,,,,,0,0,
1,PUMA,Balls,TRAINING,,PUMA_ORBITA_6_MS,PUMA ORBITA 6 MS,84335,BLU,Blue,4,,143968,0,0,0,0,0,14.1,0,30,0,30,0,0,,PUMA,0,0,,,,,,,Balls,FALSE,1,TRUE,0,,TRUE,TRUE,FALSE,1,,,,,0,0,
1,PUMA,Balls,TRAINING,,PUMA_ORBITA_6_MS,PUMA ORBITA 6 MS,84335,BLU,Blue,5,,143969,3,0,0,0,3,14.1,42.3,30,90,30,90,0,,PUMA,0,0,,,,,,,Balls,FALSE,1,TRUE,0,,TRUE,TRUE,FALSE,1,,,,,0,3,10/26/24 9:42:56 AM
1,NIKE,Balls,Match Ball,,CLUB_ELITE_24,Club Elite ball,FZ2986,NVY,Navy,1,,144189,0,0,0,0,0,35.25,0,75,0,75,0,0,,NIKE,0,0,,,,,,,Balls,FALSE,1,TRUE,0,,TRUE,TRUE,FALSE,1,,,,,0,0,
1,NIKE,Balls,Match Ball,,CLUB_ELITE_24,Club Elite ball,FZ2986,NVY,Navy,2,,144190,0,0,0,0,0,35.25,0,75,0,75,0,0,,NIKE,0,0,,,,,,,Balls,FALSE,1,TRUE,0,,TRUE,TRUE,FALSE,1,,,,,0,0,
1,NIKE,Balls,Match Ball,,CLUB_ELITE_24,Club Elite ball,FZ2986,NVY,Navy,3,,144191,0,0,0,0,0,35.25,0,75,0,75,0,0,,NIKE,0,0,,,,,,,Balls,FALSE,1,TRUE,0,,TRUE,TRUE,FALSE,1,,,,,0,0,
1,NIKE,Balls,Match Ball,,CLUB_ELITE_24,Club Elite ball,FZ2986,NVY,Navy,4,,144192,0,0,0,0,0,35.25,0,75,0,75,0,0,,NIKE,0,0,,,,,,,Balls,FALSE,1,TRUE,0,,TRUE,TRUE,FALSE,1,,,,,0,0,
1,NIKE,Balls,Match Ball,,CLUB_ELITE_24,Club Elite ball,FZ2986,NVY,Navy,5,,144193,7,0,0,0,7,35.25,246.75,75,525,75,525,0,,NIKE,0,0,,,,,,,Balls,FALSE,1,TRUE,0,,TRUE,TRUE,FALSE,1,,,,,1,5,04/04/25 14:26:28
1,NIKE,Balls,TRAINING,,ACADEMY_FA24,Academy Ball,FZ2976,Pur,Purple,1,,144194,0,0,0,0,0,21.15,0,45,0,45,0,0,,NIKE,0,0,,,,,,,Balls,FALSE,1,TRUE,0,,TRUE,TRUE,FALSE,1,,,,,0,0,
1,NIKE,Balls,TRAINING,,ACADEMY_FA24,Academy Ball,FZ2976,Pur,Purple,2,,144195,0,0,0,0,0,21.15,0,45,0,45,0,0,,NIKE,0,0,,,,,,,Balls,FALSE,1,TRUE,0,,TRUE,TRUE,FALSE,1,,,,,0,0,
1,NIKE,Balls,TRAINING,,ACADEMY_FA24,Academy Ball,FZ2976,Pur,Purple,3,,144196,0,0,0,0,0,21.15,0,45,0,45,0,0,,NIKE,0,0,,,,,,,Balls,FALSE,1,TRUE,0,,TRUE,TRUE,FALSE,1,,,,,0,0,
1,NIKE,Balls,TRAINING,,ACADEMY_FA24,Academy Ball,FZ2976,Pur,Purple,4,,144197,2,0,0,0,2,21.15,42.3,45,90,45,90,0,,NIKE,0,0,,,,,,,Balls,FALSE,1,TRUE,0,,TRUE,TRUE,FALSE,1,,,,,0,2,01/05/25 11:27:35
1,NIKE,Balls,TRAINING,,ACADEMY_FA24,Academy Ball,FZ2976,Pur,Purple,5,,144198,3,0,0,0,3,21.15,63.45,45,135,45,135,0,,NIKE,0,0,,,,,,,Balls,FALSE,1,TRUE,0,,TRUE,TRUE,FALSE,1,,,,,0,3,10/30/24 2:28:36 PM
1,NIKE,Balls,TRAINING,,ACADEMY_BALL_MDS,Academy Ball MDS,FQ8763,Wht,White,1,,145196,0,0,0,0,0,21.15,0,45,0,45,0,0,,NIKE,0,0,,,,,,,Balls,FALSE,1,TRUE,0,,TRUE,TRUE,FALSE,1,,,,,0,0,
1,NIKE,Balls,TRAINING,,ACADEMY_BALL_MDS,Academy Ball MDS,FQ8763,Wht,White,2,,145197,0,0,0,0,0,21.15,0,45,0,45,0,0,,NIKE,0,0,,,,,,,Balls,FALSE,1,TRUE,0,,TRUE,TRUE,FALSE,1,,,,,0,0,
1,NIKE,Balls,TRAINING,,ACADEMY_BALL_MDS,Academy Ball MDS,FQ8763,Wht,White,3,,145198,0,0,0,0,0,21.15,0,45,0,45,0,0,,NIKE,0,0,,,,,,,Balls,FALSE,1,TRUE,0,,TRUE,TRUE,FALSE,1,,,,,0,0,
1,NIKE,Balls,TRAINING,,ACADEMY_BALL_MDS,Academy Ball MDS,FQ8763,Wht,White,4,,145199,2,0,0,0,2,21.15,42.3,45,90,45,90,0,,NIKE,0,0,,,,,,,Balls,FALSE,1,TRUE,0,,TRUE,TRUE,FALSE,1,,,,,2,4,01/05/25 11:18:31
1,NIKE,Balls,TRAINING,,ACADEMY_BALL_MDS,Academy Ball MDS,FQ8763,Wht,White,5,,145200,3,0,0,0,3,21.15,63.45,45,135,45,135,0,,NIKE,0,0,,,,,,,Balls,FALSE,1,TRUE,0,,TRUE,TRUE,FALSE,1,,,,,3,6,01/05/25 11:18:31
1,NIKE,Balls,Match Ball,,CLUB_ELITE_24,Club Elite ball,FZ2986,Yel,Yellow,2,,145202,0,0,0,0,0,35.25,0,75,0,75,0,0,,NIKE,0,0,,,,,,,Balls,FALSE,1,TRUE,0,,TRUE,TRUE,FALSE,1,,,,,0,0,
1,NIKE,Balls,Match Ball,,CLUB_ELITE_24,Club Elite ball,FZ2986,Yel,Yellow,3,,145203,0,0,0,0,0,35.25,0,75,0,75,0,0,,NIKE,0,0,,,,,,,Balls,FALSE,1,TRUE,0,,TRUE,TRUE,FALSE,1,,,,,0,0,
1,NIKE,Balls,Match Ball,,CLUB_ELITE_24,Club Elite ball,FZ2986,Yel,Yellow,4,,145204,0,0,0,0,0,35.25,0,75,0,75,0,0,,NIKE,0,0,,,,,,,Balls,FALSE,1,TRUE,0,,TRUE,TRUE,FALSE,1,,,,,0,0,
1,NIKE,Balls,Match Ball,,CLUB_ELITE_24,Club Elite ball,FZ2986,Yel,Yellow,1,,145201,0,0,0,0,0,35.25,0,75,0,75,0,0,,NIKE,0,0,,,,,,,Balls,FALSE,1,TRUE,0,,TRUE,TRUE,FALSE,1,,,,,0,0,
1,NIKE,Balls,TRAINING,,PHANTM_FA_24,Phantom Ball,FZ3060,YEL,Yellow,1,,145206,0,0,0,0,0,12.74,0,30,0,30,0,0,,NIKE,0,0,,,,,,,Balls,FALSE,1,TRUE,0,,TRUE,TRUE,FALSE,1,,,,,0,0,
1,NIKE,Balls,TRAINING,,PHANTM_FA_24,Phantom Ball,FZ3060,YEL,Yellow,2,,145207,0,0,0,0,0,12.74,0,30,0,30,0,0,,NIKE,0,0,,,,,,,Balls,FALSE,1,TRUE,0,,TRUE,TRUE,FALSE,1,,,,,0,0,
1,NIKE,Balls,TRAINING,,PHANTM_FA_24,Phantom Ball,FZ3060,YEL,Yellow,3,,145208,1,0,0,0,1,12.74,12.74,30,30,30,30,0,,NIKE,0,0,,,,,,,Balls,FALSE,1,TRUE,0,,TRUE,TRUE,FALSE,1,,,,,0,1,01/05/25 11:40:09
1,NIKE,Balls,TRAINING,,PHANTM_FA_24,Phantom Ball,FZ3060,YEL,Yellow,4,,145209,2,0,0,0,2,12.74,25.48,30,60,30,60,0,,NIKE,0,0,,,,,,,Balls,FALSE,1,TRUE,0,,TRUE,TRUE,FALSE,1,,,,,0,2,01/05/25 11:40:09
1,NIKE,Balls,TRAINING,,PHANTM_FA_24,Phantom Ball,FZ3060,YEL,Yellow,5,,145210,1,0,0,0,1,12.74,12.74,30,30,30,30,0,,NIKE,0,0,,,,,,,Balls,FALSE,1,TRUE,0,,TRUE,TRUE,FALSE,1,,,,,1,2,01/05/25 11:40:09
1,NIKE,Balls,Match Ball,,ACADEMY_PLUS_FA24,Academy Plus Ball,FZ2632,Red,Red,1,,145690,0,0,0,0,0,28.2,0,60,0,60,0,0,,NIKE,0,0,,,,,,,Balls,FALSE,1,TRUE,0,,TRUE,TRUE,FALSE,1,,,,,0,0,
1,NIKE,Balls,Match Ball,,ACADEMY_PLUS_FA24,Academy Plus Ball,FZ2632,Red,Red,2,,145691,0,0,0,0,0,28.2,0,60,0,60,0,0,,NIKE,0,0,,,,,,,Balls,FALSE,1,TRUE,0,,TRUE,TRUE,FALSE,1,,,,,0,0,
1,NIKE,Balls,Match Ball,,ACADEMY_PLUS_FA24,Academy Plus Ball,FZ2632,Red,Red,3,,145692,0,0,0,0,0,28.2,0,60,0,60,0,0,,NIKE,0,0,,,,,,,Balls,FALSE,1,TRUE,0,,TRUE,TRUE,FALSE,1,,,,,0,0,
1,NIKE,Balls,Match Ball,,ACADEMY_PLUS_FA24,Academy Plus Ball,FZ2632,Red,Red,4,,145693,0,0,0,0,0,28.2,0,60,0,60,0,0,,NIKE,0,0,,,,,,,Balls,FALSE,1,TRUE,0,,TRUE,TRUE,FALSE,1,,,,,0,0,
1,NIKE,Balls,Match Ball,,ACADEMY_PLUS_FA24,Academy Plus Ball,FZ2632,Red,Red,5,,145694,7,0,0,0,7,28.2,197.4,60,420,60,420,0,,NIKE,0,0,,,,,,,Balls,FALSE,1,TRUE,0,,TRUE,TRUE,FALSE,1,,,,,0,1,1/24/25 7:05:13 PM
1,NIKE,Balls,TRAINING,,PITCH_FA_24_BALL,Nike Pitch ball,FZ2636,Nvy,Navy,1,,145695,0,0,0,0,0,12.74,0,30,0,30,0,0,,NIKE,0,0,,,,,,,Balls,FALSE,1,TRUE,0,,TRUE,TRUE,FALSE,1,,,,,0,0,
1,NIKE,Balls,TRAINING,,PITCH_FA_24_BALL,Nike Pitch ball,FZ2636,Nvy,Navy,2,,145696,0,0,0,0,0,12.74,0,30,0,30,0,0,,NIKE,0,0,,,,,,,Balls,FALSE,1,TRUE,0,,TRUE,TRUE,FALSE,1,,,,,0,0,
1,NIKE,Balls,TRAINING,,PITCH_FA_24_BALL,Nike Pitch ball,FZ2636,Nvy,Navy,3,,145697,0,0,0,0,0,12.74,0,30,0,30,0,0,,NIKE,0,0,,,,,,,Balls,FALSE,1,TRUE,0,,TRUE,TRUE,FALSE,1,,,,,1,1,1/18/25 10:22:53 AM
1,NIKE,Balls,TRAINING,,PITCH_FA_24_BALL,Nike Pitch ball,FZ2636,Nvy,Navy,4,,145698,-1,0,0,0,-1,12.74,-12.74,30,-30,30,-30,0,,NIKE,0,0,,,,,,,Balls,FALSE,1,TRUE,0,,TRUE,TRUE,FALSE,1,,,,,2,1,1/18/25 10:22:54 AM
1,NIKE,Balls,TRAINING,,PITCH_FA_24_BALL,Nike Pitch ball,FZ2636,Nvy,Navy,5,,145699,4,0,0,0,4,12.74,50.96,30,120,30,120,0,,NIKE,0,0,,,,,,,Balls,FALSE,1,TRUE,0,,TRUE,TRUE,FALSE,1,,,,,0,4,2/14/25 5:17:52 PM
1,NIKE,Balls,TRAINING,,PITCH_FA_24_PL,Nike Pitch ball,FZ3048,BLU,Blue,1,,145829,0,0,0,0,0,12.74,0,35,0,35,0,0,,NIKE,0,0,,,,,,,Balls,FALSE,1,TRUE,0,,TRUE,TRUE,FALSE,1,,,,,0,0,
1,NIKE,Balls,TRAINING,,PITCH_FA_24_PL,Nike Pitch ball,FZ3048,BLU,Blue,2,,145830,0,0,0,0,0,12.74,0,35,0,35,0,0,,NIKE,0,0,,,,,,,Balls,FALSE,1,TRUE,0,,TRUE,TRUE,FALSE,1,,,,,0,0,
1,NIKE,Balls,TRAINING,,PITCH_FA_24_PL,Nike Pitch ball,FZ3048,BLU,Blue,3,,145831,0,0,0,0,0,12.74,0,35,0,35,0,0,,NIKE,0,0,,,,,,,Balls,FALSE,1,TRUE,0,,TRUE,TRUE,FALSE,1,,,,,0,0,
1,NIKE,Balls,TRAINING,,PITCH_FA_24_PL,Nike Pitch ball,FZ3048,BLU,Blue,4,,145832,2,0,0,0,2,12.74,25.48,35,70,35,70,0,,NIKE,0,0,,,,,,,Balls,FALSE,1,TRUE,0,,TRUE,TRUE,FALSE,1,,,,,0,2,1/24/25 6:55:18 PM
1,NIKE,Balls,TRAINING,,PITCH_FA_24_PL,Nike Pitch ball,FZ3048,BLU,Blue,5,,145833,-1,0,0,0,-1,12.74,-12.74,35,-35,35,-35,0,,NIKE,0,0,,,,,,,Balls,FALSE,1,TRUE,0,,TRUE,TRUE,FALSE,1,,,,,1,0,
1,NIKE,Balls,TRAINING,,HERITAGE_ORDEM_3_PL,Heritage PL Ball,HQ0325,RED,Red,1,,145834,0,0,0,0,0,21.15,0,45,0,45,0,0,,NIKE,0,0,,,,,,,Balls,FALSE,1,TRUE,0,,TRUE,TRUE,FALSE,1,,,,,0,0,
1,NIKE,Balls,TRAINING,,HERITAGE_ORDEM_3_PL,Heritage PL Ball,HQ0325,RED,Red,2,,145835,0,0,0,0,0,21.15,0,45,0,45,0,0,,NIKE,0,0,,,,,,,Balls,FALSE,1,TRUE,0,,TRUE,TRUE,FALSE,1,,,,,0,0,
1,NIKE,Balls,TRAINING,,HERITAGE_ORDEM_3_PL,Heritage PL Ball,HQ0325,RED,Red,3,,145836,0,0,0,0,0,21.15,0,45,0,45,0,0,,NIKE,0,0,,,,,,,Balls,FALSE,1,TRUE,0,,TRUE,TRUE,FALSE,1,,,,,0,0,
1,NIKE,Balls,TRAINING,,HERITAGE_ORDEM_3_PL,Heritage PL Ball,HQ0325,RED,Red,4,,145837,0,0,0,0,0,21.15,0,45,0,45,0,0,,NIKE,0,0,,,,,,,Balls,FALSE,1,TRUE,0,,TRUE,TRUE,FALSE,1,,,,,0,0,
1,NIKE,Balls,TRAINING,,HERITAGE_ORDEM_3_PL,Heritage PL Ball,HQ0325,RED,Red,5,,145838,1,0,0,0,1,21.15,21.15,45,45,45,45,0,,NIKE,0,0,,,,,,,Balls,FALSE,1,TRUE,0,,TRUE,TRUE,FALSE,1,,,,,2,3,1/24/25 6:59:29 PM
1,NIKE,Balls,TRAINING,,ACADEMY_FA24,Academy Ball,FZ2976,Yel,Yellow,1,,145859,0,0,0,0,0,21.15,0,45,0,45,0,0,,NIKE,0,0,,,,,,,Balls,FALSE,1,TRUE,0,,TRUE,TRUE,FALSE,1,,,,,0,0,
1,NIKE,Balls,TRAINING,,ACADEMY_FA24,Academy Ball,FZ2976,Yel,Yellow,2,,145860,0,0,0,0,0,21.15,0,45,0,45,0,0,,NIKE,0,0,,,,,,,Balls,FALSE,1,TRUE,0,,TRUE,TRUE,FALSE,1,,,,,0,0,
1,NIKE,Balls,TRAINING,,ACADEMY_FA24,Academy Ball,FZ2976,Yel,Yellow,3,,145861,0,0,0,0,0,21.15,0,45,0,45,0,0,,NIKE,0,0,,,,,,,Balls,FALSE,1,TRUE,0,,TRUE,TRUE,FALSE,1,,,,,0,0,
1,NIKE,Balls,TRAINING,,ACADEMY_FA24,Academy Ball,FZ2976,Yel,Yellow,4,,145862,0,0,0,0,0,21.15,0,45,0,45,0,0,,NIKE,0,0,,,,,,,Balls,FALSE,1,TRUE,0,,TRUE,TRUE,FALSE,1,,,,,0,0,
1,NIKE,Balls,TRAINING,,ACADEMY_FA24,Academy Ball,FZ2976,Yel,Yellow,5,,145863,1,0,0,0,1,21.15,21.15,45,45,45,45,0,,NIKE,0,0,,,,,,,Balls,FALSE,1,TRUE,0,,TRUE,TRUE,FALSE,1,,,,,1,2,1/24/25 7:10:45 PM
1,NIKE,Balls,TRAINING,,HERITAGE_SEITIRO_PL,Heritage PL Ball,HQ0336,BLU,Blue,1,,145839,0,0,0,0,0,21.15,0,45,0,45,0,0,,NIKE,0,0,,,,,,,Balls,FALSE,1,TRUE,0,,TRUE,TRUE,FALSE,1,,,,,0,0,
1,NIKE,Balls,TRAINING,,HERITAGE_SEITIRO_PL,Heritage PL Ball,HQ0336,BLU,Blue,2,,145840,0,0,0,0,0,21.15,0,45,0,45,0,0,,NIKE,0,0,,,,,,,Balls,FALSE,1,TRUE,0,,TRUE,TRUE,FALSE,1,,,,,0,0,
1,NIKE,Balls,TRAINING,,HERITAGE_SEITIRO_PL,Heritage PL Ball,HQ0336,BLU,Blue,3,,145841,0,0,0,0,0,21.15,0,45,0,45,0,0,,NIKE,0,0,,,,,,,Balls,FALSE,1,TRUE,0,,TRUE,TRUE,FALSE,1,,,,,0,0,
1,NIKE,Balls,TRAINING,,HERITAGE_SEITIRO_PL,Heritage PL Ball,HQ0336,BLU,Blue,4,,145842,0,0,0,0,0,21.15,0,45,0,45,0,0,,NIKE,0,0,,,,,,,Balls,FALSE,1,TRUE,0,,TRUE,TRUE,FALSE,1,,,,,0,0,
1,NIKE,Balls,TRAINING,,HERITAGE_SEITIRO_PL,Heritage PL Ball,HQ0336,BLU,Blue,5,,145843,1,0,0,0,1,21.15,21.15,45,45,45,45,0,,NIKE,0,0,,,,,,,Balls,FALSE,1,TRUE,0,,TRUE,TRUE,FALSE,1,,,,,2,3,1/24/25 7:01:20 PM
1,NIKE,Balls,TRAINING,,ACADEMY_FA24,Academy Ball,FZ2976,Red,Red,1,,145844,0,0,0,0,0,21.15,0,45,0,45,0,0,,NIKE,0,0,,,,,,,Balls,FALSE,1,TRUE,0,,TRUE,TRUE,FALSE,1,,,,,0,0,
1,NIKE,Balls,TRAINING,,ACADEMY_FA24,Academy Ball,FZ2976,Red,Red,2,,145845,0,0,0,0,0,21.15,0,45,0,45,0,0,,NIKE,0,0,,,,,,,Balls,FALSE,1,TRUE,0,,TRUE,TRUE,FALSE,1,,,,,0,0,
1,NIKE,Balls,TRAINING,,ACADEMY_FA24,Academy Ball,FZ2976,Red,Red,3,,145846,0,0,0,0,0,21.15,0,45,0,45,0,0,,NIKE,0,0,,,,,,,Balls,FALSE,1,TRUE,0,,TRUE,TRUE,FALSE,1,,,,,0,0,
1,NIKE,Balls,TRAINING,,ACADEMY_FA24,Academy Ball,FZ2976,Red,Red,4,,145847,0,0,0,0,0,21.15,0,45,0,45,0,0,,NIKE,0,0,,,,,,,Balls,FALSE,1,TRUE,0,,TRUE,TRUE,FALSE,1,,,,,0,0,
1,NIKE,Balls,TRAINING,,ACADEMY_FA24,Academy Ball,FZ2976,Red,Red,5,,145848,2,0,0,0,2,21.15,42.3,45,90,45,90,0,,NIKE,0,0,,,,,,,Balls,FALSE,1,TRUE,0,,TRUE,TRUE,FALSE,1,,,,,0,2,1/24/25 7:04:16 PM
1,NIKE,Balls,Match Ball,,CLUB_ELITE_24_PL,Club Elite ball,FZ3130,BLU,Blue,1,,145849,0,0,0,0,0,37.6,0,80,0,80,0,0,,NIKE,0,0,,,,,,,Balls,FALSE,1,TRUE,0,,TRUE,TRUE,FALSE,1,,,,,0,0,
1,NIKE,Balls,Match Ball,,CLUB_ELITE_24_PL,Club Elite ball,FZ3130,BLU,Blue,2,,145850,0,0,0,0,0,37.6,0,80,0,80,0,0,,NIKE,0,0,,,,,,,Balls,FALSE,1,TRUE,0,,TRUE,TRUE,FALSE,1,,,,,0,0,
1,NIKE,Balls,Match Ball,,CLUB_ELITE_24_PL,Club Elite ball,FZ3130,BLU,Blue,3,,145851,0,0,0,0,0,37.6,0,80,0,80,0,0,,NIKE,0,0,,,,,,,Balls,FALSE,1,TRUE,0,,TRUE,TRUE,FALSE,1,,,,,0,0,
1,NIKE,Balls,Match Ball,,CLUB_ELITE_24_PL,Club Elite ball,FZ3130,BLU,Blue,4,,145852,0,0,0,0,0,37.6,0,80,0,80,0,0,,NIKE,0,0,,,,,,,Balls,FALSE,1,TRUE,0,,TRUE,TRUE,FALSE,1,,,,,0,0,
1,NIKE,Balls,Match Ball,,CLUB_ELITE_24_PL,Club Elite ball,FZ3130,BLU,Blue,5,,145853,2,0,0,0,2,37.6,75.2,80,160,80,160,0,,NIKE,0,0,,,,,,,Balls,FALSE,1,TRUE,0,,TRUE,TRUE,FALSE,1,,,,,2,4,1/24/25 7:08:26 PM
1,NIKE,Balls,TRAINING,,ACADEMY_FA24,Academy Ball,FZ2976,Teal,Teal,1,,145854,0,0,0,0,0,21.15,0,45,0,45,0,0,,NIKE,0,0,,,,,,,Balls,FALSE,1,TRUE,0,,TRUE,TRUE,FALSE,1,,,,,0,0,
1,NIKE,Balls,TRAINING,,ACADEMY_FA24,Academy Ball,FZ2976,Teal,Teal,2,,145855,0,0,0,0,0,21.15,0,45,0,45,0,0,,NIKE,0,0,,,,,,,Balls,FALSE,1,TRUE,0,,TRUE,TRUE,FALSE,1,,,,,0,0,
1,NIKE,Balls,TRAINING,,ACADEMY_FA24,Academy Ball,FZ2976,Teal,Teal,3,,145856,0,0,0,0,0,21.15,0,45,0,45,0,0,,NIKE,0,0,,,,,,,Balls,FALSE,1,TRUE,0,,TRUE,TRUE,FALSE,1,,,,,0,0,
1,NIKE,Balls,TRAINING,,ACADEMY_FA24,Academy Ball,FZ2976,Teal,Teal,4,,145857,0,0,0,0,0,21.15,0,45,0,45,0,0,,NIKE,0,0,,,,,,,Balls,FALSE,1,TRUE,0,,TRUE,TRUE,FALSE,1,,,,,0,0,
1,NIKE,Balls,TRAINING,,ACADEMY_FA24,Academy Ball,FZ2976,Teal,Teal,5,,145858,2,0,0,0,2,21.15,42.3,45,90,45,90,0,,NIKE,0,0,,,,,,,Balls,FALSE,1,TRUE,0,,TRUE,TRUE,FALSE,1,,,,,0,2,1/24/25 7:09:14 PM
1,ADIDAS,Balls,FUTSAL,,TIRO_LGE_SAL,Tiro League Sala Ball,FS0363,Red,Red,1,,146375,-10,0,0,0,-10,23.5,-235,50,-500,50,-500,0,,ADIDAS,0,0,,,,,,,Balls,FALSE,1,TRUE,0,,TRUE,TRUE,FALSE,1,,,,,10,0,
1,ADIDAS,Balls,FUTSAL,,TIRO_LGE_SAL,Tiro League Sala Ball,FS0363,Red,Red,2,,146376,0,0,0,0,0,23.5,0,50,0,50,0,0,,ADIDAS,0,0,,,,,,,Balls,FALSE,1,TRUE,0,,TRUE,TRUE,FALSE,1,,,,,0,0,
1,ADIDAS,Balls,FUTSAL,,TIRO_LGE_SAL,Tiro League Sala Ball,FS0363,Red,Red,3,,146377,0,0,0,0,0,23.5,0,50,0,50,0,0,,ADIDAS,0,0,,,,,,,Balls,FALSE,1,TRUE,0,,TRUE,TRUE,FALSE,1,,,,,0,0,
1,ADIDAS,Balls,FUTSAL,,TIRO_LGE_SAL,Tiro League Sala Ball,FS0363,Red,Red,4,,146378,12,0,0,0,12,23.5,282,50,600,50,600,0,,ADIDAS,0,0,,,,,,,Balls,FALSE,1,TRUE,0,,TRUE,TRUE,FALSE,1,,,,,0,12,2/14/25 3:50:14 PM
1,ADIDAS,Balls,FUTSAL,,TIRO_LGE_SAL,Tiro League Sala Ball,FS0363,Red,Red,5,,146379,0,0,0,0,0,23.5,0,50,0,50,0,0,,ADIDAS,0,0,,,,,,,Balls,FALSE,1,TRUE,0,,TRUE,TRUE,FALSE,1,,,,,0,0,
1,NIKE,Balls,TRAINING,,ACADEMY_FA24_SIG,Academy Ball,HJ6611,NVY,Navy,1,,146427,0,0,0,0,0,18.8,0,45,0,45,0,0,,NIKE,0,0,,,,,,,Balls,FALSE,1,TRUE,0,,TRUE,TRUE,FALSE,1,,,,,0,0,
1,NIKE,Balls,TRAINING,,ACADEMY_FA24_SIG,Academy Ball,HJ6611,NVY,Navy,2,,146428,0,0,0,0,0,18.8,0,45,0,45,0,0,,NIKE,0,0,,,,,,,Balls,FALSE,1,TRUE,0,,TRUE,TRUE,FALSE,1,,,,,0,0,
1,NIKE,Balls,TRAINING,,ACADEMY_FA24_SIG,Academy Ball,HJ6611,NVY,Navy,3,,146429,0,0,0,0,0,18.8,0,45,0,45,0,0,,NIKE,0,0,,,,,,,Balls,FALSE,1,TRUE,0,,TRUE,TRUE,FALSE,1,,,,,0,0,
1,NIKE,Balls,TRAINING,,ACADEMY_FA24_SIG,Academy Ball,HJ6611,NVY,Navy,4,,146430,2,0,0,0,2,18.8,37.6,45,90,45,90,0,,NIKE,0,0,,,,,,,Balls,FALSE,1,TRUE,0,,TRUE,TRUE,FALSE,1,,,,,0,2,2/14/25 4:37:33 PM
1,NIKE,Balls,TRAINING,,ACADEMY_FA24_SIG,Academy Ball,HJ6611,NVY,Navy,5,,146431,1,0,0,0,1,18.8,18.8,45,45,45,45,0,,NIKE,0,0,,,,,,,Balls,FALSE,1,TRUE,0,,TRUE,TRUE,FALSE,1,,,,,1,2,2/14/25 4:37:33 PM
1,NIKE,Balls,TRAINING,,HERITAGE_G.M_PL,Heritage PL Ball,HQ0333,WHT,White,1,,146432,0,0,0,0,0,21.15,0,45,0,45,0,0,,NIKE,0,0,,,,,,,Balls,FALSE,1,TRUE,0,,TRUE,TRUE,FALSE,1,,,,,0,0,
1,NIKE,Balls,TRAINING,,HERITAGE_G.M_PL,Heritage PL Ball,HQ0333,WHT,White,2,,146433,0,0,0,0,0,21.15,0,45,0,45,0,0,,NIKE,0,0,,,,,,,Balls,FALSE,1,TRUE,0,,TRUE,TRUE,FALSE,1,,,,,0,0,
1,NIKE,Balls,TRAINING,,HERITAGE_G.M_PL,Heritage PL Ball,HQ0333,WHT,White,3,,146434,0,0,0,0,0,21.15,0,45,0,45,0,0,,NIKE,0,0,,,,,,,Balls,FALSE,1,TRUE,0,,TRUE,TRUE,FALSE,1,,,,,0,0,
1,NIKE,Balls,TRAINING,,HERITAGE_G.M_PL,Heritage PL Ball,HQ0333,WHT,White,4,,146435,0,0,0,0,0,21.15,0,45,0,45,0,0,,NIKE,0,0,,,,,,,Balls,FALSE,1,TRUE,0,,TRUE,TRUE,FALSE,1,,,,,0,0,
1,NIKE,Balls,TRAINING,,HERITAGE_G.M_PL,Heritage PL Ball,HQ0333,WHT,White,5,,146436,1,0,0,0,1,21.15,21.15,45,45,45,45,0,,NIKE,0,0,,,,,,,Balls,FALSE,1,TRUE,0,,TRUE,TRUE,FALSE,1,,,,,2,3,2/14/25 4:39:52 PM
1,NIKE,Balls,TRAINING,,ACADEMY_FA24,Academy Ball,FZ2976,Blu,Blue,1,,146442,0,0,0,0,0,21.15,0,45,0,45,0,0,,NIKE,0,0,,,,,,,Balls,FALSE,1,TRUE,0,,TRUE,TRUE,FALSE,1,,,,,0,0,
1,NIKE,Balls,TRAINING,,ACADEMY_FA24,Academy Ball,FZ2976,Blu,Blue,2,,146443,0,0,0,0,0,21.15,0,45,0,45,0,0,,NIKE,0,0,,,,,,,Balls,FALSE,1,TRUE,0,,TRUE,TRUE,FALSE,1,,,,,0,0,
1,NIKE,Balls,TRAINING,,ACADEMY_FA24,Academy Ball,FZ2976,Blu,Blue,3,,146444,0,0,0,0,0,21.15,0,45,0,45,0,0,,NIKE,0,0,,,,,,,Balls,FALSE,1,TRUE,0,,TRUE,TRUE,FALSE,1,,,,,0,0,
1,NIKE,Balls,TRAINING,,ACADEMY_FA24,Academy Ball,FZ2976,Blu,Blue,4,,146445,0,0,0,0,0,21.15,0,45,0,45,0,0,,NIKE,0,0,,,,,,,Balls,FALSE,1,TRUE,0,,TRUE,TRUE,FALSE,1,,,,,0,0,
1,NIKE,Balls,TRAINING,,ACADEMY_FA24,Academy Ball,FZ2976,Blu,Blue,5,,146446,6,0,0,0,6,21.15,126.9,45,270,45,270,0,,NIKE,0,0,,,,,,,Balls,FALSE,1,TRUE,0,,TRUE,TRUE,FALSE,1,,,,,0,6,2/14/25 5:45:31 PM
1,ADIDAS,Balls,Match Ball,,MLS_25_COMP_BALL,MLS Competition Ball,JH1305,Grn,Green,1,,146447,0,0,0,0,0,35,0,90,0,90,0,0,,ADIDAS,0,0,,,,,,,Balls,FALSE,1,TRUE,0,,TRUE,TRUE,FALSE,1,,,,,0,0,
1,ADIDAS,Balls,Match Ball,,MLS_25_COMP_BALL,MLS Competition Ball,JH1305,Grn,Green,2,,146448,0,0,0,0,0,35,0,90,0,90,0,0,,ADIDAS,0,0,,,,,,,Balls,FALSE,1,TRUE,0,,TRUE,TRUE,FALSE,1,,,,,0,0,
1,ADIDAS,Balls,Match Ball,,MLS_25_COMP_BALL,MLS Competition Ball,JH1305,Grn,Green,3,,146449,0,0,0,0,0,35,0,90,0,90,0,0,,ADIDAS,0,0,,,,,,,Balls,FALSE,1,TRUE,0,,TRUE,TRUE,FALSE,1,,,,,0,0,
1,ADIDAS,Balls,Match Ball,,MLS_25_COMP_BALL,MLS Competition Ball,JH1305,Grn,Green,4,,146450,0,0,0,0,0,35,0,90,0,90,0,0,,ADIDAS,0,0,,,,,,,Balls,FALSE,1,TRUE,0,,TRUE,TRUE,FALSE,1,,,,,0,0,
1,ADIDAS,Balls,Match Ball,,MLS_25_COMP_BALL,MLS Competition Ball,JH1305,Grn,Green,5,,146451,4,0,0,0,4,35,140,90,360,90,360,0,,ADIDAS,0,0,,,,,,,Balls,FALSE,1,TRUE,0,,TRUE,TRUE,FALSE,1,,,,,2,6,2/19/25 2:19:41 PM
1,NIKE,Balls,TRAINING,,PITCH_FA_24_BALL,Nike Pitch ball,FZ2636,Grn,Green,1,,146437,0,0,0,0,0,12.74,0,30,0,30,0,0,,NIKE,0,0,,,,,,,Balls,FALSE,1,TRUE,0,,TRUE,TRUE,FALSE,1,,,,,0,0,
1,NIKE,Balls,TRAINING,,PITCH_FA_24_BALL,Nike Pitch ball,FZ2636,Grn,Green,2,,146438,0,0,0,0,0,12.74,0,30,0,30,0,0,,NIKE,0,0,,,,,,,Balls,FALSE,1,TRUE,0,,TRUE,TRUE,FALSE,1,,,,,0,0,
1,NIKE,Balls,TRAINING,,PITCH_FA_24_BALL,Nike Pitch ball,FZ2636,Grn,Green,3,,146439,1,0,0,0,1,12.74,12.74,30,30,30,30,0,,NIKE,0,0,,,,,,,Balls,FALSE,1,TRUE,0,,TRUE,TRUE,FALSE,1,,,,,1,2,2/14/25 5:21:16 PM
1,NIKE,Balls,TRAINING,,PITCH_FA_24_BALL,Nike Pitch ball,FZ2636,Grn,Green,4,,146440,2,0,0,0,2,12.74,25.48,30,60,30,60,0,,NIKE,0,0,,,,,,,Balls,FALSE,1,TRUE,0,,TRUE,TRUE,FALSE,1,,,,,1,3,2/14/25 5:21:16 PM
1,NIKE,Balls,TRAINING,,PITCH_FA_24_BALL,Nike Pitch ball,FZ2636,Grn,Green,5,,146441,1,0,0,0,1,12.74,12.74,30,30,30,30,0,,NIKE,0,0,,,,,,,Balls,FALSE,1,TRUE,0,,TRUE,TRUE,FALSE,1,,,,,1,2,2/14/25 5:21:16 PM
1,NIKE,Balls,Match Ball,,ACADEMY_PLUS_FA24,Academy Plus Ball,FZ2632,Blu,Blue,1,,146466,0,0,0,0,0,28.2,0,60,0,60,0,0,,NIKE,0,0,,,,,,,Balls,FALSE,1,TRUE,0,,TRUE,TRUE,FALSE,1,,,,,0,0,
1,NIKE,Balls,Match Ball,,ACADEMY_PLUS_FA24,Academy Plus Ball,FZ2632,Blu,Blue,2,,146467,0,0,0,0,0,28.2,0,60,0,60,0,0,,NIKE,0,0,,,,,,,Balls,FALSE,1,TRUE,0,,TRUE,TRUE,FALSE,1,,,,,0,0,
1,NIKE,Balls,Match Ball,,ACADEMY_PLUS_FA24,Academy Plus Ball,FZ2632,Blu,Blue,3,,146468,0,0,0,0,0,28.2,0,60,0,60,0,0,,NIKE,0,0,,,,,,,Balls,FALSE,1,TRUE,0,,TRUE,TRUE,FALSE,1,,,,,0,0,
1,NIKE,Balls,Match Ball,,ACADEMY_PLUS_FA24,Academy Plus Ball,FZ2632,Blu,Blue,4,,146469,0,0,0,0,0,28.2,0,60,0,60,0,0,,NIKE,0,0,,,,,,,Balls,FALSE,1,TRUE,0,,TRUE,TRUE,FALSE,1,,,,,0,0,
1,NIKE,Balls,Match Ball,,ACADEMY_PLUS_FA24,Academy Plus Ball,FZ2632,Blu,Blue,5,,146470,4,0,0,0,4,28.2,112.8,60,240,60,240,0,,NIKE,0,0,,,,,,,Balls,FALSE,1,TRUE,0,,TRUE,TRUE,FALSE,1,,,,,2,6,2/22/25 12:43:05 PM
1,ADIDAS,Balls,Match Ball,,MLS_LGE_NFHS_2025,MLS League NFHS,JH1302,GRN,Green,1,,146622,0,0,0,0,0,20.63,0,55,0,55,0,0,,ADIDAS,0,0,,,,,,,Balls,FALSE,1,TRUE,0,,TRUE,TRUE,FALSE,1,,,,,0,0,
1,ADIDAS,Balls,Match Ball,,MLS_LGE_NFHS_2025,MLS League NFHS,JH1302,GRN,Green,2,,146623,0,0,0,0,0,20.63,0,55,0,55,0,0,,ADIDAS,0,0,,,,,,,Balls,FALSE,1,TRUE,0,,TRUE,TRUE,FALSE,1,,,,,0,0,
1,ADIDAS,Balls,Match Ball,,MLS_LGE_NFHS_2025,MLS League NFHS,JH1302,GRN,Green,3,,146624,0,0,0,0,0,20.63,0,55,0,55,0,0,,ADIDAS,0,0,,,,,,,Balls,FALSE,1,TRUE,0,,TRUE,TRUE,FALSE,1,,,,,0,0,
1,ADIDAS,Balls,Match Ball,,MLS_LGE_NFHS_2025,MLS League NFHS,JH1302,GRN,Green,4,,146625,0,0,0,0,0,20.63,0,55,0,55,0,0,,ADIDAS,0,0,,,,,,,Balls,FALSE,1,TRUE,0,,TRUE,TRUE,FALSE,1,,,,,0,0,
1,ADIDAS,Balls,Match Ball,,MLS_LGE_NFHS_2025,MLS League NFHS,JH1302,GRN,Green,5,,146626,-31,0,0,0,-31,20.63,-639.53,55,-1705,55,-1705,0,,ADIDAS,0,0,,,,,,,Balls,FALSE,1,TRUE,0,,TRUE,TRUE,FALSE,1,,,,,51,20,3/10/25 14:06:15
1,ADIDAS,Balls,Match Ball,,MLS_NFHS_COMP_2025,MLS NFHS Competetion Ball,JH1305,GRN,Green,1,,146627,0,0,0,0,0,31.88,0,85,0,85,0,0,,ADIDAS,0,0,,,,,,,Balls,FALSE,1,TRUE,0,,TRUE,TRUE,FALSE,1,,,,,0,0,
1,ADIDAS,Balls,Match Ball,,MLS_NFHS_COMP_2025,MLS NFHS Competetion Ball,JH1305,GRN,Green,2,,146628,0,0,0,0,0,31.88,0,85,0,85,0,0,,ADIDAS,0,0,,,,,,,Balls,FALSE,1,TRUE,0,,TRUE,TRUE,FALSE,1,,,,,0,0,
1,ADIDAS,Balls,Match Ball,,MLS_NFHS_COMP_2025,MLS NFHS Competetion Ball,JH1305,GRN,Green,3,,146629,0,0,0,0,0,31.88,0,85,0,85,0,0,,ADIDAS,0,0,,,,,,,Balls,FALSE,1,TRUE,0,,TRUE,TRUE,FALSE,1,,,,,0,0,
1,ADIDAS,Balls,Match Ball,,MLS_NFHS_COMP_2025,MLS NFHS Competetion Ball,JH1305,GRN,Green,4,,146630,0,0,0,0,0,31.88,0,85,0,85,0,0,,ADIDAS,0,0,,,,,,,Balls,FALSE,1,TRUE,0,,TRUE,TRUE,FALSE,1,,,,,0,0,
1,ADIDAS,Balls,Match Ball,,MLS_NFHS_COMP_2025,MLS NFHS Competetion Ball,JH1305,GRN,Green,5,,146631,6,0,0,0,6,31.88,191.28,85,510,85,510,0,,ADIDAS,0,0,,,,,,,Balls,FALSE,1,TRUE,0,,TRUE,TRUE,FALSE,1,,,,,0,6,3/10/25 14:10:50
1,NIKE,Balls,OMB,,FLIGHT_PL_24,Premier League Flight Ball,FZ3033,BLU,Blue,1,,146649,0,0,0,0,0,91,0,200,0,200,0,0,,NIKE,0,0,,,,,,,Balls,FALSE,1,TRUE,0,,TRUE,TRUE,FALSE,1,,,,,0,0,
1,NIKE,Balls,OMB,,FLIGHT_PL_24,Premier League Flight Ball,FZ3033,BLU,Blue,2,,146650,0,0,0,0,0,91,0,200,0,200,0,0,,NIKE,0,0,,,,,,,Balls,FALSE,1,TRUE,0,,TRUE,TRUE,FALSE,1,,,,,0,0,
1,NIKE,Balls,OMB,,FLIGHT_PL_24,Premier League Flight Ball,FZ3033,BLU,Blue,3,,146651,0,0,0,0,0,91,0,200,0,200,0,0,,NIKE,0,0,,,,,,,Balls,FALSE,1,TRUE,0,,TRUE,TRUE,FALSE,1,,,,,0,0,
1,NIKE,Balls,OMB,,FLIGHT_PL_24,Premier League Flight Ball,FZ3033,BLU,Blue,4,,146652,0,0,0,0,0,91,0,200,0,200,0,0,,NIKE,0,0,,,,,,,Balls,FALSE,1,TRUE,0,,TRUE,TRUE,FALSE,1,,,,,0,0,
1,NIKE,Balls,OMB,,FLIGHT_PL_24,Premier League Flight Ball,FZ3033,BLU,Blue,5,,146653,2,0,0,0,2,91,182,200,400,200,400,0,,NIKE,0,0,,,,,,,Balls,FALSE,1,TRUE,0,,TRUE,TRUE,FALSE,1,,,,,1,3,3/21/25 12:25:58 PM
1,NIKE,Balls,TRAINING,,ACADEMY_TEAM_FA24,Academy Team Ball,FZ7540,BLU,Blue,1,,146756,0,0,0,0,0,18.8,0,40,0,40,0,0,,NIKE,0,0,,,,,,,Balls,FALSE,1,TRUE,0,,TRUE,TRUE,FALSE,1,,,,,0,0,
1,NIKE,Balls,TRAINING,,ACADEMY_TEAM_FA24,Academy Team Ball,FZ7540,BLU,Blue,2,,146757,0,0,0,0,0,18.8,0,40,0,40,0,0,,NIKE,0,0,,,,,,,Balls,FALSE,1,TRUE,0,,TRUE,TRUE,FALSE,1,,,,,0,0,
1,NIKE,Balls,TRAINING,,ACADEMY_TEAM_FA24,Academy Team Ball,FZ7540,BLU,Blue,3,,146758,0,0,0,0,0,18.8,0,40,0,40,0,0,,NIKE,0,0,,,,,,,Balls,FALSE,1,TRUE,0,,TRUE,TRUE,FALSE,1,,,,,0,0,
1,NIKE,Balls,TRAINING,,ACADEMY_TEAM_FA24,Academy Team Ball,FZ7540,BLU,Blue,4,,146759,1,0,0,0,1,18.8,18.8,40,40,40,40,0,,NIKE,0,0,,,,,,,Balls,FALSE,1,TRUE,0,,TRUE,TRUE,FALSE,1,,,,,0,1,04/04/25 14:15:24
1,NIKE,Balls,TRAINING,,ACADEMY_TEAM_FA24,Academy Team Ball,FZ7540,BLU,Blue,5,,146760,2,0,0,0,2,18.8,37.6,40,80,40,80,0,,NIKE,0,0,,,,,,,Balls,FALSE,1,TRUE,0,,TRUE,TRUE,FALSE,1,,,,,0,2,04/04/25 14:15:24
1,NIKE,Balls,TRAINING,,ACADEMY_FA25_SIG,Academy Ball,HJ7028,Pur,Purple,1,,146792,0,0,0,0,0,18.8,0,40,0,40,0,0,,NIKE,0,0,,,,,,,Balls,FALSE,1,TRUE,0,,TRUE,TRUE,FALSE,1,,,,,0,0,
1,NIKE,Balls,TRAINING,,ACADEMY_FA25_SIG,Academy Ball,HJ7028,Pur,Purple,2,,146793,0,0,0,0,0,18.8,0,40,0,40,0,0,,NIKE,0,0,,,,,,,Balls,FALSE,1,TRUE,0,,TRUE,TRUE,FALSE,1,,,,,0,0,
1,NIKE,Balls,TRAINING,,ACADEMY_FA25_SIG,Academy Ball,HJ7028,Pur,Purple,3,,146794,0,0,0,0,0,18.8,0,40,0,40,0,0,,NIKE,0,0,,,,,,,Balls,FALSE,1,TRUE,0,,TRUE,TRUE,FALSE,1,,,,,0,0,
1,NIKE,Balls,TRAINING,,PITCH_FA_24_BALL,Nike Pitch ball,FZ2636,Gry,Grey,1,,147673,0,0,0,0,0,12.74,0,30,0,30,0,0,,NIKE,0,0,,,,,,,Balls,FALSE,1,TRUE,0,,TRUE,TRUE,FALSE,1,,,,,0,0,
1,NIKE,Balls,TRAINING,,PITCH_FA_24_BALL,Nike Pitch ball,FZ2636,Gry,Grey,2,,147674,0,0,0,0,0,12.74,0,30,0,30,0,0,,NIKE,0,0,,,,,,,Balls,FALSE,1,TRUE,0,,TRUE,TRUE,FALSE,1,,,,,0,0,
1,NIKE,Balls,TRAINING,,PITCH_FA_24_BALL,Nike Pitch ball,FZ2636,Gry,Grey,3,,147675,5,0,0,0,5,12.74,63.7,30,150,30,150,0,,NIKE,0,0,,,,,,,Balls,FALSE,1,TRUE,0,,TRUE,TRUE,FALSE,1,,,,,1,6,05/02/25 14:18:44
1,NIKE,Balls,TRAINING,,PITCH_FA_24_BALL,Nike Pitch ball,FZ2636,Gry,Grey,4,,147676,-1,0,0,0,-1,12.74,-12.74,30,-30,30,-30,0,,NIKE,0,0,,,,,,,Balls,FALSE,1,TRUE,0,,TRUE,TRUE,FALSE,1,,,,,3,2,4/28/25 4:12:32 PM
1,NIKE,Balls,TRAINING,,PITCH_FA_24_BALL,Nike Pitch ball,FZ2636,Gry,Grey,5,,147677,3,0,0,0,3,12.74,38.22,30,90,30,90,0,,NIKE,0,0,,,,,,,Balls,FALSE,1,TRUE,0,,TRUE,TRUE,FALSE,1,,,,,2,5,4/28/25 4:12:33 PM
1,NIKE,Balls,BASKETBALL,,ELITE_ALL_COURT_BP,Elite All Court Basketball,N.100.2558.855,ORG,Orange,Youth,,147680,0,0,0,0,0,22.5,0,45,0,45,0,0,,,0,0,,,,,,,BasketBall,FALSE,1,TRUE,0,,TRUE,TRUE,FALSE,1,,,,,0,0,
1,NIKE,Balls,BASKETBALL,,ELITE_ALL_COURT_BP,Elite All Court Basketball,N.100.2558.855,ORG,Orange,Mid,,147681,1,0,0,0,1,22.5,22.5,45,45,45,45,0,,,0,0,,,,,,,BasketBall,FALSE,1,TRUE,0,,TRUE,TRUE,FALSE,1,,,,,0,1,4/29/25 1:51:29 PM
1,NIKE,Balls,BASKETBALL,,ELITE_ALL_COURT_BP,Elite All Court Basketball,N.100.2558.855,ORG,Orange,Full,,147682,1,0,0,0,1,22.5,22.5,45,45,45,45,0,,,0,0,,,,,,,BasketBall,FALSE,1,TRUE,0,,TRUE,TRUE,FALSE,1,,,,,0,1,4/29/25 1:51:29 PM
1,NIKE,Balls,TRAINING,,ACADEMEY_BALL_25,Academy Ball,FZ2966,NVY,Navy,1,,147776,0,0,0,0,0,18.8,0,40,0,40,0,0,,NIKE,0,0,,,,,,,Balls,FALSE,1,TRUE,0,,TRUE,TRUE,FALSE,1,,,,,0,0,
1,NIKE,Balls,TRAINING,,ACADEMEY_BALL_25,Academy Ball,FZ2966,NVY,Navy,2,,147777,0,0,0,0,0,18.8,0,40,0,40,0,0,,NIKE,0,0,,,,,,,Balls,FALSE,1,TRUE,0,,TRUE,TRUE,FALSE,1,,,,,0,0,
1,NIKE,Balls,TRAINING,,ACADEMEY_BALL_25,Academy Ball,FZ2966,NVY,Navy,3,,147778,0,0,0,0,0,18.8,0,40,0,40,0,0,,NIKE,0,0,,,,,,,Balls,FALSE,1,TRUE,0,,TRUE,TRUE,FALSE,1,,,,,0,0,
1,NIKE,Balls,TRAINING,,ACADEMEY_BALL_25,Academy Ball,FZ2966,NVY,Navy,4,,147779,1,0,0,0,1,18.8,18.8,40,40,40,40,0,,NIKE,0,0,,,,,,,Balls,FALSE,1,TRUE,0,,TRUE,TRUE,FALSE,1,,,,,1,2,5/16/25 12:48:58 PM
1,NIKE,Balls,TRAINING,,ACADEMEY_BALL_25,Academy Ball,FZ2966,NVY,Navy,5,,147780,6,0,0,0,6,18.8,112.8,40,240,40,240,0,,NIKE,0,0,,,,,,,Balls,FALSE,1,TRUE,0,,TRUE,TRUE,FALSE,1,,,,,0,6,5/16/25 12:48:58 PM
1,PUMA,Balls,OMB,,ORBITA_ULTIMATE_PL,ORBITA ULTIMATE PL,84699,PNK,Pink,1,,147853,0,0,0,0,0,83.7,0,180,0,180,0,0,,PUMA,0,0,,,,,,,Balls,FALSE,1,TRUE,0,,TRUE,TRUE,FALSE,1,,,,,0,0,
1,PUMA,Balls,OMB,,ORBITA_ULTIMATE_PL,ORBITA ULTIMATE PL,84699,PNK,Pink,2,,147854,0,0,0,0,0,83.7,0,180,0,180,0,0,,PUMA,0,0,,,,,,,Balls,FALSE,1,TRUE,0,,TRUE,TRUE,FALSE,1,,,,,0,0,
1,PUMA,Balls,OMB,,ORBITA_ULTIMATE_PL,ORBITA ULTIMATE PL,84699,PNK,Pink,3,,147855,0,0,0,0,0,83.7,0,180,0,180,0,0,,PUMA,0,0,,,,,,,Balls,FALSE,1,TRUE,0,,TRUE,TRUE,FALSE,1,,,,,0,0,
1,PUMA,Balls,OMB,,ORBITA_ULTIMATE_PL,ORBITA ULTIMATE PL,84699,PNK,Pink,4,,147856,0,0,0,0,0,83.7,0,180,0,180,0,0,,PUMA,0,0,,,,,,,Balls,FALSE,1,TRUE,0,,TRUE,TRUE,FALSE,1,,,,,0,0,
1,PUMA,Balls,OMB,,ORBITA_ULTIMATE_PL,ORBITA ULTIMATE PL,84699,PNK,Pink,5,,147857,6,0,0,0,6,83.7,502.2,180,1080,180,1080,0,,PUMA,0,0,,,,,,,Balls,FALSE,1,TRUE,0,,TRUE,TRUE,FALSE,1,,,,,0,6,6/12/25 13:16:04
1,PUMA,Balls,Match Ball,,ORBITA_MATCH_PL,ORBITA MATCH PL,84704,PNK,Pink,1,,147858,0,0,0,0,0,30.23,0,65,0,65,0,0,,PUMA,0,0,,,,,,,Balls,FALSE,1,TRUE,0,,TRUE,TRUE,FALSE,1,,,,,0,0,
1,PUMA,Balls,Match Ball,,ORBITA_MATCH_PL,ORBITA MATCH PL,84704,PNK,Pink,2,,147859,0,0,0,0,0,30.23,0,65,0,65,0,0,,PUMA,0,0,,,,,,,Balls,FALSE,1,TRUE,0,,TRUE,TRUE,FALSE,1,,,,,0,0,
1,PUMA,Balls,Match Ball,,ORBITA_MATCH_PL,ORBITA MATCH PL,84704,PNK,Pink,3,,147860,0,0,0,0,0,30.23,0,65,0,65,0,0,,PUMA,0,0,,,,,,,Balls,FALSE,1,TRUE,0,,TRUE,TRUE,FALSE,1,,,,,0,0,
1,PUMA,Balls,Match Ball,,ORBITA_MATCH_PL,ORBITA MATCH PL,84704,PNK,Pink,4,,147861,0,0,0,0,0,30.23,0,65,0,65,0,0,,PUMA,0,0,,,,,,,Balls,FALSE,1,TRUE,0,,TRUE,TRUE,FALSE,1,,,,,0,0,
1,PUMA,Balls,Match Ball,,ORBITA_MATCH_PL,ORBITA MATCH PL,84704,PNK,Pink,5,,147862,18,0,0,0,18,30.23,544.14,65,1170,65,1170,0,,PUMA,0,0,,,,,,,Balls,FALSE,1,TRUE,0,,TRUE,TRUE,FALSE,1,,,,,0,18,6/12/25 13:27:21
1,PUMA,Balls,Match Ball,,ORBITA_PRO_PL,ORBITA PRO PL,84707,PNK,Pink,1,,147863,0,0,0,0,0,39.53,0,85,0,85,0,0,,PUMA,0,0,,,,,,,Balls,FALSE,1,TRUE,0,,TRUE,TRUE,FALSE,1,,,,,0,0,
1,PUMA,Balls,Match Ball,,ORBITA_PRO_PL,ORBITA PRO PL,84707,PNK,Pink,2,,147864,0,0,0,0,0,39.53,0,85,0,85,0,0,,PUMA,0,0,,,,,,,Balls,FALSE,1,TRUE,0,,TRUE,TRUE,FALSE,1,,,,,0,0,
1,PUMA,Balls,Match Ball,,ORBITA_PRO_PL,ORBITA PRO PL,84707,PNK,Pink,3,,147865,0,0,0,0,0,39.53,0,85,0,85,0,0,,PUMA,0,0,,,,,,,Balls,FALSE,1,TRUE,0,,TRUE,TRUE,FALSE,1,,,,,0,0,
1,PUMA,Balls,Match Ball,,ORBITA_PRO_PL,ORBITA PRO PL,84707,PNK,Pink,4,,147866,0,0,0,0,0,39.53,0,85,0,85,0,0,,PUMA,0,0,,,,,,,Balls,FALSE,1,TRUE,0,,TRUE,TRUE,FALSE,1,,,,,0,0,
1,PUMA,Balls,Match Ball,,ORBITA_PRO_PL,ORBITA PRO PL,84707,PNK,Pink,5,,147867,7,0,0,0,7,39.53,276.71,85,595,85,595,0,,PUMA,0,0,,,,,,,Balls,FALSE,1,TRUE,0,,TRUE,TRUE,FALSE,1,,,,,5,12,6/12/25 13:30:43
1,PUMA,Balls,Match Ball,,ORBITA_CUP_PL,ORBITA CUP PL,84714,PNK,Pink,1,,147868,0,0,0,0,0,18.6,0,40,0,40,0,0,,PUMA,0,0,,,,,,,Balls,FALSE,1,TRUE,0,,TRUE,TRUE,FALSE,1,,,,,0,0,
1,PUMA,Balls,Match Ball,,ORBITA_CUP_PL,ORBITA CUP PL,84714,PNK,Pink,2,,147869,0,0,0,0,0,18.6,0,40,0,40,0,0,,PUMA,0,0,,,,,,,Balls,FALSE,1,TRUE,0,,TRUE,TRUE,FALSE,1,,,,,0,0,
1,PUMA,Balls,Match Ball,,ORBITA_CUP_PL,ORBITA CUP PL,84714,PNK,Pink,3,,147870,0,0,0,0,0,18.6,0,40,0,40,0,0,,PUMA,0,0,,,,,,,Balls,FALSE,1,TRUE,0,,TRUE,TRUE,FALSE,1,,,,,0,0,
1,PUMA,Balls,Match Ball,,ORBITA_CUP_PL,ORBITA CUP PL,84714,PNK,Pink,4,,147871,6,0,0,0,6,18.6,111.6,40,240,40,240,0,,PUMA,0,0,,,,,,,Balls,FALSE,1,TRUE,0,,TRUE,TRUE,FALSE,1,,,,,0,6,6/12/25 13:32:36
1,PUMA,Balls,Match Ball,,ORBITA_CUP_PL,ORBITA CUP PL,84714,PNK,Pink,5,,147872,6,0,0,0,6,18.6,111.6,40,240,40,240,0,,PUMA,0,0,,,,,,,Balls,FALSE,1,TRUE,0,,TRUE,TRUE,FALSE,1,,,,,0,6,6/12/25 13:32:36
1,PUMA,Balls,OMB,,ORBITA_LA_LIGA_1_25,Orbita La Liga 1,84629,BLU,Blue,1,,148110,0,0,0,0,0,83.7,0,180,0,180,0,0,,PUMA,0,0,,,,,,,Balls,FALSE,1,TRUE,0,,TRUE,TRUE,FALSE,1,,,,,0,0,
1,PUMA,Balls,OMB,,ORBITA_LA_LIGA_1_25,Orbita La Liga 1,84629,BLU,Blue,2,,148111,0,0,0,0,0,83.7,0,180,0,180,0,0,,PUMA,0,0,,,,,,,Balls,FALSE,1,TRUE,0,,TRUE,TRUE,FALSE,1,,,,,0,0,
1,PUMA,Balls,OMB,,ORBITA_LA_LIGA_1_25,Orbita La Liga 1,84629,BLU,Blue,3,,148112,0,0,0,0,0,83.7,0,180,0,180,0,0,,PUMA,0,0,,,,,,,Balls,FALSE,1,TRUE,0,,TRUE,TRUE,FALSE,1,,,,,0,0,
1,PUMA,Balls,OMB,,ORBITA_LA_LIGA_1_25,Orbita La Liga 1,84629,BLU,Blue,4,,148113,0,0,0,0,0,83.7,0,180,0,180,0,0,,PUMA,0,0,,,,,,,Balls,FALSE,1,TRUE,0,,TRUE,TRUE,FALSE,1,,,,,0,0,
1,PUMA,Balls,OMB,,ORBITA_LA_LIGA_1_25,Orbita La Liga 1,84629,BLU,Blue,5,,148114,3,0,0,0,3,83.7,251.1,180,540,180,540,0,,PUMA,0,0,,,,,,,Balls,FALSE,1,TRUE,0,,TRUE,TRUE,FALSE,1,,,,,0,3,7/29/25 2:33:18 PM
1,PUMA,Balls,Match Ball,,ORBITA_LA_LIGA_1_FQ,ORBITA La Liga 1 FQ,84630,BLU,Blue,1,,148115,0,0,0,0,0,30.23,0,65,0,65,0,0,,PUMA,0,0,,,,,,,Balls,FALSE,1,TRUE,0,,TRUE,TRUE,FALSE,1,,,,,0,0,
1,PUMA,Balls,Match Ball,,ORBITA_LA_LIGA_1_FQ,ORBITA La Liga 1 FQ,84630,BLU,Blue,2,,148116,0,0,0,0,0,30.23,0,65,0,65,0,0,,PUMA,0,0,,,,,,,Balls,FALSE,1,TRUE,0,,TRUE,TRUE,FALSE,1,,,,,0,0,
1,PUMA,Balls,Match Ball,,ORBITA_LA_LIGA_1_FQ,ORBITA La Liga 1 FQ,84630,BLU,Blue,3,,148117,0,0,0,0,0,30.23,0,65,0,65,0,0,,PUMA,0,0,,,,,,,Balls,FALSE,1,TRUE,0,,TRUE,TRUE,FALSE,1,,,,,0,0,
1,PUMA,Balls,Match Ball,,ORBITA_LA_LIGA_1_FQ,ORBITA La Liga 1 FQ,84630,BLU,Blue,4,,148118,0,0,0,0,0,30.23,0,65,0,65,0,0,,PUMA,0,0,,,,,,,Balls,FALSE,1,TRUE,0,,TRUE,TRUE,FALSE,1,,,,,0,0,
1,PUMA,Balls,Match Ball,,ORBITA_LA_LIGA_1_FQ,ORBITA La Liga 1 FQ,84630,BLU,Blue,5,,148119,1,0,0,0,1,30.23,30.23,65,65,65,65,0,,PUMA,0,0,,,,,,,Balls,FALSE,1,TRUE,0,,TRUE,TRUE,FALSE,1,,,,,2,3,7/29/25 2:49:31 PM
1,PUMA,Balls,TRAINING,,ORBITA_LA_LIGA_REP,ORBITA La Liga 1 Replica,84633,BLU,Blue,1,,148120,0,0,0,0,0,18.6,0,40,0,40,0,0,,PUMA,0,0,,,,,,,Balls,FALSE,1,TRUE,0,,TRUE,TRUE,FALSE,1,,,,,0,0,
1,PUMA,Balls,TRAINING,,ORBITA_LA_LIGA_REP,ORBITA La Liga 1 Replica,84633,BLU,Blue,2,,148121,0,0,0,0,0,18.6,0,40,0,40,0,0,,PUMA,0,0,,,,,,,Balls,FALSE,1,TRUE,0,,TRUE,TRUE,FALSE,1,,,,,0,0,
1,PUMA,Balls,TRAINING,,ORBITA_LA_LIGA_REP,ORBITA La Liga 1 Replica,84633,BLU,Blue,3,,148122,0,0,0,0,0,18.6,0,40,0,40,0,0,,PUMA,0,0,,,,,,,Balls,FALSE,1,TRUE,0,,TRUE,TRUE,FALSE,1,,,,,0,0,
1,PUMA,Balls,TRAINING,,ORBITA_LA_LIGA_REP,ORBITA La Liga 1 Replica,84633,BLU,Blue,4,,148123,2,0,0,0,2,18.6,37.2,40,80,40,80,0,,PUMA,0,0,,,,,,,Balls,FALSE,1,TRUE,0,,TRUE,TRUE,FALSE,1,,,,,0,2,7/29/25 3:04:47 PM
1,PUMA,Balls,TRAINING,,ORBITA_LA_LIGA_REP,ORBITA La Liga 1 Replica,84633,BLU,Blue,5,,148124,4,0,0,0,4,18.6,74.4,40,160,40,160,0,,PUMA,0,0,,,,,,,Balls,FALSE,1,TRUE,0,,TRUE,TRUE,FALSE,1,,,,,0,4,7/29/25 3:04:47 PM
1,NIKE,Balls,TRAINING,,ACADEMEY_25_BALL_MX,Academy Ball LIGA MX,HV6245,RED,Red,1,,149635,0,0,0,0,0,21.15,0,45,0,45,0,0,,NIKE,0,0,,,,,,,Balls,FALSE,1,TRUE,0,,TRUE,TRUE,FALSE,1,,,,,0,0,
1,NIKE,Balls,TRAINING,,ACADEMEY_25_BALL_MX,Academy Ball LIGA MX,HV6245,RED,Red,2,,149636,0,0,0,0,0,21.15,0,45,0,45,0,0,,NIKE,0,0,,,,,,,Balls,FALSE,1,TRUE,0,,TRUE,TRUE,FALSE,1,,,,,0,0,
1,NIKE,Balls,TRAINING,,ACADEMEY_25_BALL_MX,Academy Ball LIGA MX,HV6245,RED,Red,3,,149637,0,0,0,0,0,21.15,0,45,0,45,0,0,,NIKE,0,0,,,,,,,Balls,FALSE,1,TRUE,0,,TRUE,TRUE,FALSE,1,,,,,0,0,
1,NIKE,Balls,TRAINING,,ACADEMEY_25_BALL_MX,Academy Ball LIGA MX,HV6245,RED,Red,4,,149638,0,0,0,0,0,21.15,0,45,0,45,0,0,,NIKE,0,0,,,,,,,Balls,FALSE,1,TRUE,0,,TRUE,TRUE,FALSE,1,,,,,0,0,
1,NIKE,Balls,TRAINING,,ACADEMEY_25_BALL_MX,Academy Ball LIGA MX,HV6245,RED,Red,5,,149639,2,0,0,0,2,21.15,42.3,45,90,45,90,0,,NIKE,0,0,,,,,,,Balls,FALSE,1,TRUE,0,,TRUE,TRUE,FALSE,1,,,,,0,2,11/04/25 14:15:13
1,NIKE,Balls,TRAINING,,MERC_FADE_25,Mercurial Fade,HV6330,ORG,Orange,1,,150062,0,0,0,0,0,13.16,0,28,0,28,0,0,,NIKE,0,0,,,,,,,Balls,FALSE,1,TRUE,0,,TRUE,TRUE,FALSE,1,,,,,0,0,
1,NIKE,Balls,TRAINING,,MERC_FADE_25,Mercurial Fade,HV6330,ORG,Orange,2,,150063,0,0,0,0,0,13.16,0,28,0,28,0,0,,NIKE,0,0,,,,,,,Balls,FALSE,1,TRUE,0,,TRUE,TRUE,FALSE,1,,,,,0,0,
1,NIKE,Balls,TRAINING,,MERC_FADE_25,Mercurial Fade,HV6330,ORG,Orange,3,,150064,3,0,0,0,3,13.16,39.48,28,84,28,84,0,,NIKE,0,0,,,,,,,Balls,FALSE,1,TRUE,0,,TRUE,TRUE,FALSE,1,,,,,0,3,12/01/25 13:16:27
1,NIKE,Balls,TRAINING,,MERC_FADE_25,Mercurial Fade,HV6330,ORG,Orange,4,,150065,6,0,0,0,6,13.16,78.96,28,168,28,168,0,,NIKE,0,0,,,,,,,Balls,FALSE,1,TRUE,0,,TRUE,TRUE,FALSE,1,,,,,0,6,12/01/25 13:01:32
1,NIKE,Balls,TRAINING,,MERC_FADE_25,Mercurial Fade,HV6330,ORG,Orange,5,,150066,6,0,0,0,6,13.16,78.96,28,168,28,168,0,,NIKE,0,0,,,,,,,Balls,FALSE,1,TRUE,0,,TRUE,TRUE,FALSE,1,,,,,0,6,12/01/25 13:16:27
1,NIKE,Balls,TRAINING,,PITCH_25_BALL,Nike Pitch ball,HF8092,Gld,Gold,5,,150071,6,0,0,0,6,12.74,76.44,28,168,28,168,0,,NIKE,0,0,,,,,,,Balls,FALSE,1,TRUE,0,,TRUE,TRUE,FALSE,1,,,,,0,6,12/01/25 13:04:51
1,NIKE,Balls,TRAINING,,PHANTOM_PITCH_25,Phantom Pitch ball,HV6335,BLU,Blue,1,,150072,0,0,0,0,0,12.74,0,28,0,28,0,0,,NIKE,0,0,,,,,,,Balls,FALSE,1,TRUE,0,,TRUE,TRUE,FALSE,1,,,,,0,0,
1,NIKE,Balls,TRAINING,,PHANTOM_PITCH_25,Phantom Pitch ball,HV6335,BLU,Blue,2,,150073,0,0,0,0,0,12.74,0,28,0,28,0,0,,NIKE,0,0,,,,,,,Balls,FALSE,1,TRUE,0,,TRUE,TRUE,FALSE,1,,,,,0,0,
1,NIKE,Balls,TRAINING,,PHANTOM_PITCH_25,Phantom Pitch ball,HV6335,BLU,Blue,3,,150074,3,0,0,0,3,12.74,38.22,28,84,28,84,0,,NIKE,0,0,,,,,,,Balls,FALSE,1,TRUE,0,,TRUE,TRUE,FALSE,1,,,,,0,3,12/01/25 13:18:43
1,NIKE,Balls,TRAINING,,PHANTOM_PITCH_25,Phantom Pitch ball,HV6335,BLU,Blue,4,,150075,4,0,0,0,4,12.74,50.96,28,112,28,112,0,,NIKE,0,0,,,,,,,Balls,FALSE,1,TRUE,0,,TRUE,TRUE,FALSE,1,,,,,0,4,12/01/25 13:18:44
1,NIKE,Balls,TRAINING,,PHANTOM_PITCH_25,Phantom Pitch ball,HV6335,BLU,Blue,5,,150076,0,0,0,0,0,12.74,0,28,0,28,0,0,,NIKE,0,0,,,,,,,Balls,FALSE,1,TRUE,0,,TRUE,TRUE,FALSE,1,,,,,0,0,
1,NIKE,Balls,FUTSAL,,MAESTRO_25__BALL,FUTSAL MAESTRO Futsal,HV5100,Pur,Purple,1,,150077,0,0,0,0,0,15.47,0,34,0,34,0,0,,NIKE,0,0,,,,,,,Balls,FALSE,1,TRUE,0,,TRUE,TRUE,FALSE,1,,,,,0,0,
1,NIKE,Balls,FUTSAL,,MAESTRO_25__BALL,FUTSAL MAESTRO Futsal,HV5100,Pur,Purple,2,,150078,0,0,0,0,0,15.47,0,34,0,34,0,0,,NIKE,0,0,,,,,,,Balls,FALSE,1,TRUE,0,,TRUE,TRUE,FALSE,1,,,,,0,0,
1,NIKE,Balls,FUTSAL,,MAESTRO_25__BALL,FUTSAL MAESTRO Futsal,HV5100,Pur,Purple,3,,150079,0,0,0,0,0,15.47,0,34,0,34,0,0,,NIKE,0,0,,,,,,,Balls,FALSE,1,TRUE,0,,TRUE,TRUE,FALSE,1,,,,,0,0,
1,NIKE,Balls,FUTSAL,,MAESTRO_25__BALL,FUTSAL MAESTRO Futsal,HV5100,Pur,Purple,4,,150080,4,0,0,0,4,15.47,61.88,34,136,34,136,0,,NIKE,0,0,,,,,,,Balls,FALSE,1,TRUE,0,,TRUE,TRUE,FALSE,1,,,,,0,4,12/01/25 13:23:57
1,NIKE,Balls,FUTSAL,,MAESTRO_25__BALL,FUTSAL MAESTRO Futsal,HV5100,Pur,Purple,5,,150081,0,0,0,0,0,15.47,0,34,0,34,0,0,,NIKE,0,0,,,,,,,Balls,FALSE,1,TRUE,0,,TRUE,TRUE,FALSE,1,,,,,0,0,
,,,,,,,,,,,,,-46,0,0,0,-46,,11763.79,,19960,,18115,,,,,,,,,,,,,FALSE,,FALSE,,,FALSE,FALSE,FALSE,,,,,,,,